Ort,Startpunkt,Datum,Uhrzeit,Breitengrad,Längengrad,Aufruf_Link,Aufruf_Link_href
Elmshorn,Alter Markt,24.01.2025,17 Uhr,53.75,9.66,https://web.archive.org/web/20250121195132/https://www.holsteiner-allgemeine.de/versteckte-seiten/detailansicht-politik-elmshorn/buendnis-ruft-zu-demo-gegen-rechtsextreme-auf.html,"<a href=""https://web.archive.org/web/20250121195132/https://www.holsteiner-allgemeine.de/versteckte-seiten/detailansicht-politik-elmshorn/buendnis-ruft-zu-demo-gegen-rechtsextreme-auf.html"">Link</a>"
Neuruppin,Schulplatz,24.01.2025,16:30 Uhr,52.92,12.8,https://web.archive.org/web/20250122183239/https://www.neuruppin-bleibt-bunt.de/,"<a href=""https://web.archive.org/web/20250122183239/https://www.neuruppin-bleibt-bunt.de/"">Link</a>"
Paderborn,Schloss Neuhaus,24.01.2025,18 Uhr,51.77,8.74,https://web.archive.org/web/20250122183535/https://www.bgr-paderborn.de/,"<a href=""https://web.archive.org/web/20250122183535/https://www.bgr-paderborn.de/"">Link</a>"
Soest,Petrikirchplatz/ Rathaus,24.01.2025,18 Uhr,51.56,8.09,https://soest-ist-bunt.de/,"<a href=""https://soest-ist-bunt.de/"">Link</a>"
Tuttlingen,Marktplatz,24.01.2025,17:30 Uhr,47.97,8.81,https://www.demokrateam.org/aktionen/tuttlingen-ist-bunt/,"<a href=""https://www.demokrateam.org/aktionen/tuttlingen-ist-bunt/"">Link</a>"
Berlin,Brandenburger Tor,25.01.2025,16:30 Uhr,52.5,13.34,https://web.archive.org/web/20250122185116/https://www.campact.de/rechtsextremismus/lichtermeer-demo-berlin/,"<a href=""https://web.archive.org/web/20250122185116/https://www.campact.de/rechtsextremismus/lichtermeer-demo-berlin/"">Link</a>"
Dahlenburg,Parkplatz Freibad,25.01.2025,16:30 Uhr,53.19,10.74,https://nordostniedersachsen.dgb.de/termine/++co++2637d8a2-d3fd-11ef-a998-19c8f53ebd84,"<a href=""https://nordostniedersachsen.dgb.de/termine/++co++2637d8a2-d3fd-11ef-a998-19c8f53ebd84"">Link</a>"
Halle,Ernst-Kamieth-Straße,25.01.2025,11 Uhr,51.47,12.0,https://web.archive.org/web/20250122190022/https://hallespektrum.de/aktuelles/halle-gegen-rechts-ruft-zur-demo-gegen-afd-parteitag-auf-samstag-25-januar-2025/469090/,"<a href=""https://web.archive.org/web/20250122190022/https://hallespektrum.de/aktuelles/halle-gegen-rechts-ruft-zur-demo-gegen-afd-parteitag-auf-samstag-25-januar-2025/469090/"">Link</a>"
Hechingen,Obertorplatz,25.01.2025,11 Uhr,48.35,8.96,https://web.archive.org/web/20250122190206/https://www.schwarzwaelder-bote.de/inhalt.hechinger-cdu-macht-nicht-mit-demo-fuer-menschlichkeit-und-vielfalt.7bab2ed1-8e05-4ba0-ab9f-e09613b9535c.html,"<a href=""https://web.archive.org/web/20250122190206/https://www.schwarzwaelder-bote.de/inhalt.hechinger-cdu-macht-nicht-mit-demo-fuer-menschlichkeit-und-vielfalt.7bab2ed1-8e05-4ba0-ab9f-e09613b9535c.html"">Link</a>"
Neumünster,Bahnhof,25.01.2025,10 Uhr,54.07,9.98,https://www.antifa-kiel.org/events/alerta-antifa-gemeinsam-und-entschlossen-gegen-den-rassistischen-afd-aufmarsch-in-neumuenster/,"<a href=""https://www.antifa-kiel.org/events/alerta-antifa-gemeinsam-und-entschlossen-gegen-den-rassistischen-afd-aufmarsch-in-neumuenster/"">Link</a>"
Perleberg,Großer Markt,25.01.2025,17 Uhr,53.12,11.93,https://www.demokrateam.org/aktionen/leuchten-fuer-vielfalt/,"<a href=""https://www.demokrateam.org/aktionen/leuchten-fuer-vielfalt/"">Link</a>"
Preetz,Marktplatz wöchentlich bis zur Wahl,25.01.2025,10:30,54.23,10.28,https://web.archive.org/web/20250116223207/https://www.kn-online.de/lokales/ploen/demos-gegen-rechtsextremismus-es-gibt-menschen-die-haben-angst-VVHURN47XFDHFPI74JWZU4FS64.html,"<a href=""https://web.archive.org/web/20250116223207/https://www.kn-online.de/lokales/ploen/demos-gegen-rechtsextremismus-es-gibt-menschen-die-haben-angst-VVHURN47XFDHFPI74JWZU4FS64.html"">Link</a>"
Ravensburg,Marienplatz,25.01.2025,15 Uhr,47.77,9.55,https://www.schwaebische.de/regional/oberschwaben/ravensburg/grossdemo-gegen-rechtspopulismus-wird-wiederholt-3236293,"<a href=""https://www.schwaebische.de/regional/oberschwaben/ravensburg/grossdemo-gegen-rechtspopulismus-wird-wiederholt-3236293"">Link</a>"
Regenstauf,Regenbrücke,25.01.2025,10 Uhr,49.15,12.17,https://www.demokrateam.org/aktionen/vielfalt-statt-einfalt/,"<a href=""https://www.demokrateam.org/aktionen/vielfalt-statt-einfalt/"">Link</a>"
Siegen,Herrengarten,25.01.2025,16 Uhr,50.88,7.98,https://web.archive.org/web/20250122191355/https://www.ksb-siwi.de/wir/aktuelles-allgemein/artikel/nie-wieder-ist-jetzt-demo-am-25-januar-im-herrengarten,"<a href=""https://web.archive.org/web/20250122191355/https://www.ksb-siwi.de/wir/aktuelles-allgemein/artikel/nie-wieder-ist-jetzt-demo-am-25-januar-im-herrengarten"">Link</a>"
Trittau,Europaplatz,25.01.2025,11:30 Uhr,53.61,10.4,https://www.demokrateam.org/aktionen/nie-wieder-ist-jetzt-3/,"<a href=""https://www.demokrateam.org/aktionen/nie-wieder-ist-jetzt-3/"">Link</a>"
Müllheim,Jüdischer Friedhof,26.01.2025,15 uhr,47.82,7.64,https://web.archive.org/web/20250121141029/http://www.friedensrat.org/pages/aktionen/2025/auschwitz-tag-im-markgraeflerland.php,"<a href=""https://web.archive.org/web/20250121141029/http://www.friedensrat.org/pages/aktionen/2025/auschwitz-tag-im-markgraeflerland.php"">Link</a>"
Kiel,Opernhaus,27.01.2025,16 Uhr,54.32,10.13,https://web.archive.org/web/20250122192028/https://www.theater-kiel.de/oper-kiel/veranstaltungen/titel/buehne-fuer-demokratie-nie-wieder-ist-jetzt,"<a href=""https://web.archive.org/web/20250122192028/https://www.theater-kiel.de/oper-kiel/veranstaltungen/titel/buehne-fuer-demokratie-nie-wieder-ist-jetzt"">Link</a>"
Peine,historischer Markt,27.01.2025,18Uhr,52.33,10.27,https://web.archive.org/web/20250122192148/https://www.braunschweiger-zeitung.de/niedersachsen/peine/article408116500/holocaust-gedenktag-peiner-buendnis-ruft-zu-dieser-kundgebung-auf.html,"<a href=""https://web.archive.org/web/20250122192148/https://www.braunschweiger-zeitung.de/niedersachsen/peine/article408116500/holocaust-gedenktag-peiner-buendnis-ruft-zu-dieser-kundgebung-auf.html"">Link</a>"
Strausberg,Ehrenhain für die Opfer des Faschismus,27.01.2025,16 Uhr,52.56,13.91,https://www.demokrateam.org/aktionen/kein-vergeben-kein-vergessen/,"<a href=""https://www.demokrateam.org/aktionen/kein-vergeben-kein-vergessen/"">Link</a>"
Schorndorf,Altes Rathaus,30.01.2025,17 Uhr,48.78,9.53,http://www.schorndorfer-buendnis.de/,"<a href=""http://www.schorndorfer-buendnis.de/"">Link</a>"
Braunschweig,Kohlmarkt,31.01.2025,11 Uhr,52.26,10.52,https://web.archive.org/web/20250122192909/https://buendnisgegenrechts.net/2025/01/16/gemeinsam-laut-gegen-rechts-fuer-inklusion-gegen-ausgrenzung/,"<a href=""https://web.archive.org/web/20250122192909/https://buendnisgegenrechts.net/2025/01/16/gemeinsam-laut-gegen-rechts-fuer-inklusion-gegen-ausgrenzung/"">Link</a>"
Falkensee,Busbahnhof,31.01.2025,17 Uhr,52.57,13.08,https://www.demokrateam.org/aktionen/kein-falkensee-der-afd/,"<a href=""https://www.demokrateam.org/aktionen/kein-falkensee-der-afd/"">Link</a>"
Hamburg,Menschenkette Reesendamm/Jungfernstieg,31.01.2025,14 Uhr,53.55,10.01,https://web.archive.org/web/20250120083744/https://menschenkette-hamburg.de/,"<a href=""https://web.archive.org/web/20250120083744/https://menschenkette-hamburg.de/"">Link</a>"
Göttingen,Bahnhof,01.02.2025,12 Uhr,51.52,9.94,https://www.buendnisgegenrechtsgoe.de/Termine/,"<a href=""https://www.buendnisgegenrechtsgoe.de/Termine/"">Link</a>"
Hildesheim,Hauptbahnhof,01.02.2025,11.55 Uhr,52.15,9.95,https://web.archive.org/web/20250122155937/https://www.buendnis-gegen-rechts-hildesheim.de/,"<a href=""https://web.archive.org/web/20250122155937/https://www.buendnis-gegen-rechts-hildesheim.de/"">Link</a>"
Obernburg,Festplatz,02.02.2025,17 Uhr,,,https://web.archive.org/web/20250121200122/https://spd-gruene-elsenfeld.de/termine/nie-wieder-ist-jetzt/,"<a href=""https://web.archive.org/web/20250121200122/https://spd-gruene-elsenfeld.de/termine/nie-wieder-ist-jetzt/"">Link</a>"
Nürnberg,Kornmarkt,08.02.2025,16 Uhr,49.45,11.09,https://www.allianz-gegen-rechtsextremismus.de/aktuelles/aktionen/samstag-08-februar-in-nuernberg-und-auf-instagram-baue-mit-an-der-brandmauer-fuer-die-demokratie,"<a href=""https://www.allianz-gegen-rechtsextremismus.de/aktuelles/aktionen/samstag-08-februar-in-nuernberg-und-auf-instagram-baue-mit-an-der-brandmauer-fuer-die-demokratie"">Link</a>"
Landsberg am Lech,Hellmairplatz,01.02.2025,12:30 Uhr,48.03,10.86,https://www.kreisbote.de/lokales/landsberg/februar-demo-gegen-rechtsextremismus-in-landsberg-93524648.html,"<a href=""https://www.kreisbote.de/lokales/landsberg/februar-demo-gegen-rechtsextremismus-in-landsberg-93524648.html"">Link</a>"
Köln,Heumarkt,25.01.2025,11:55 Uhr,50.93,6.95,https://web.archive.org/web/20250121194341/https://www.t-online.de/region/koeln/id_100575496/koeln-demo-gegen-afd-am-25-januar-geplant-prominente-unterstuetzer.html,"<a href=""https://web.archive.org/web/20250121194341/https://www.t-online.de/region/koeln/id_100575496/koeln-demo-gegen-afd-am-25-januar-geplant-prominente-unterstuetzer.html"">Link</a>"
Düsseldorf,DGB-Haus,15.02.2025,12 Uhr,51.24,6.8,https://web.archive.org/web/20250121194821/https://duesseldorf-stellt-sich-quer.de/gegen-die-afd-und-die-rechtsentwicklung-der-gesellschaft/,"<a href=""https://web.archive.org/web/20250121194821/https://duesseldorf-stellt-sich-quer.de/gegen-die-afd-und-die-rechtsentwicklung-der-gesellschaft/"">Link</a>"
Moers,Am Kastell,25.02.2025,11:55 Uhr,51.45,6.62,https://web.archive.org/web/20250121195638/https://www.radiokw.de/artikel/moers-ist-bunt-nicht-braun-plant-demo-am-samstag-2216980.html,"<a href=""https://web.archive.org/web/20250121195638/https://www.radiokw.de/artikel/moers-ist-bunt-nicht-braun-plant-demo-am-samstag-2216980.html"">Link</a>"
Gießen,Berliner Platz,08.02.2025,14:30 Uhr,50.57,8.72,https://www.giessener-anzeiger.de/stadt-giessen/giessen-demo-will-sich-rechtsruck-widersetzen-93514971.html,"<a href=""https://www.giessener-anzeiger.de/stadt-giessen/giessen-demo-will-sich-rechtsruck-widersetzen-93514971.html"">Link</a>"
Wetzlar,Bahnhofstraße,08.02.2025,11 Uhr,50.56,8.51,https://web.archive.org/web/20250121200910/https://www.mittelhessen.de/lokales/lahn-dill-kreis/wetzlar/demonstration-gegen-rassismus-und-hetze-in-wetzlar-geplant-4298971,"<a href=""https://web.archive.org/web/20250121200910/https://www.mittelhessen.de/lokales/lahn-dill-kreis/wetzlar/demonstration-gegen-rassismus-und-hetze-in-wetzlar-geplant-4298971"">Link</a>"
Bielefeld,Jahnplatz,07.02.2025,17 Uhr,52.02,8.53,https://web.archive.org/web/20250121201140/https://www.nw.de/lokal/bielefeld/mitte/24025312_Bielefelder-Buendnis-gegen-Rechts-ruft-vor-Bundestagswahl-zu-Grossdemo-auf.html,"<a href=""https://web.archive.org/web/20250121201140/https://www.nw.de/lokal/bielefeld/mitte/24025312_Bielefelder-Buendnis-gegen-Rechts-ruft-vor-Bundestagswahl-zu-Grossdemo-auf.html"">Link</a>"
Nordhorn,Innenstadt,25.01.2025,11:55 Uhr,52.43,7.06,https://web.archive.org/web/20250122145753/https://omasgegenrechts-nord.de/events/grafschaft-bentheim-spaziergang-gegen-rechts-in-der-nordhorner-innenstadt-2/,"<a href=""https://web.archive.org/web/20250122145753/https://omasgegenrechts-nord.de/events/grafschaft-bentheim-spaziergang-gegen-rechts-in-der-nordhorner-innenstadt-2/"">Link</a>"
Nordhorn,Innenstadt,01.02.2025,11:55 Uhr,52.43,7.06,https://web.archive.org/web/20250122145753/https://omasgegenrechts-nord.de/events/grafschaft-bentheim-spaziergang-gegen-rechts-in-der-nordhorner-innenstadt-2/,"<a href=""https://web.archive.org/web/20250122145753/https://omasgegenrechts-nord.de/events/grafschaft-bentheim-spaziergang-gegen-rechts-in-der-nordhorner-innenstadt-2/"">Link</a>"
Nordhorn,Innenstadt,15.02.2025,11:55 Uhr,52.43,7.06,https://web.archive.org/web/20250122145753/https://omasgegenrechts-nord.de/events/grafschaft-bentheim-spaziergang-gegen-rechts-in-der-nordhorner-innenstadt-2/,"<a href=""https://web.archive.org/web/20250122145753/https://omasgegenrechts-nord.de/events/grafschaft-bentheim-spaziergang-gegen-rechts-in-der-nordhorner-innenstadt-2/"">Link</a>"
Nordhorn,Innenstadt,22.02.2025,11:55 Uhr,52.43,7.06,https://web.archive.org/web/20250122145753/https://omasgegenrechts-nord.de/events/grafschaft-bentheim-spaziergang-gegen-rechts-in-der-nordhorner-innenstadt-2/,"<a href=""https://web.archive.org/web/20250122145753/https://omasgegenrechts-nord.de/events/grafschaft-bentheim-spaziergang-gegen-rechts-in-der-nordhorner-innenstadt-2/"">Link</a>"
Wilhelmshaven,Rambla,31.01.2025,13 Uhr,53.54,8.12,https://web.archive.org/web/20250122150301/https://omasgegenrechts-nord.de/events/wilhelmshaven-demo-gegen-die-af//,"<a href=""https://web.archive.org/web/20250122150301/https://omasgegenrechts-nord.de/events/wilhelmshaven-demo-gegen-die-af//"">Link</a>"
Harburg,Heimfelder Platz,26.01.2025,15 Uhr,53.46,9.97,https://web.archive.org/web/20250122150728/https://harburg-steht-zusammen.de/,"<a href=""https://web.archive.org/web/20250122150728/https://harburg-steht-zusammen.de/"">Link</a>"
Münster-Coerde,Hamannplatz,31.01.2025,18 Uhr,51.96,7.63,https://web.archive.org/web/20250122150943/https://coerde-ist-bunt.de/,"<a href=""https://web.archive.org/web/20250122150943/https://coerde-ist-bunt.de/"">Link</a>"
Barsinghausen,Volksbank,08.02.2025,15 Uhr,52.31,9.46,https://omasgegenrechts-nord.de/events/barsinghausen-menschen-rettungskette-fuer-die-demokratie/,"<a href=""https://omasgegenrechts-nord.de/events/barsinghausen-menschen-rettungskette-fuer-die-demokratie/"">Link</a>"
Schladen,Dorfgemeinschaftshaus,22.02.2025,18 Uhr,52.02,10.57,https://web.archive.org/web/20250122152039/https://gruene-wolfenbuettel.de/Veranstaltung/demonstration-des-buendnisses-gegen-rechtsextremismus/?instance_id=994,"<a href=""https://web.archive.org/web/20250122152039/https://gruene-wolfenbuettel.de/Veranstaltung/demonstration-des-buendnisses-gegen-rechtsextremismus/?instance_id=994"">Link</a>"
Fürth,Hauptbahnhof,08.02.2025,13 Uhr,49.51,11.0,https://web.archive.org/web/2/http://www.buendnis-fuerth.de/am-23-februar-ist-wahl-es-geht-um-unsere-zukunft/,"<a href=""https://web.archive.org/web/2/http://www.buendnis-fuerth.de/am-23-februar-ist-wahl-es-geht-um-unsere-zukunft/"">Link</a>"
Nürnberg,Kunsthaus,08.02.2025,14:30 Uhr,49.45,11.09,https://www.omasgegenrechts-nuernberg.de/termine/,"<a href=""https://www.omasgegenrechts-nuernberg.de/termine/"">Link</a>"
Neustadt a.d. Aisch,Rathaus,25.01.2025,16 Uhr,49.57,10.61,https://web.archive.org/web/20250122154411/https://www.flz.de/neuauflage-des-lichtermeers-in-neustadt-als-zeichen-fuer-die-demokratie/cnt-id-ps-f0537980-0276-4928-870f-5764e23da6dd,"<a href=""https://web.archive.org/web/20250122154411/https://www.flz.de/neuauflage-des-lichtermeers-in-neustadt-als-zeichen-fuer-die-demokratie/cnt-id-ps-f0537980-0276-4928-870f-5764e23da6dd"">Link</a>"
Essen,Willy-Brandt-Platz,22.02.2025,14 Uhr,51.46,7.01,https://web.archive.org/web/20250122154913/https://www.waz.de/lokales/essen/article408126876/demo-gegen-rechtspopulismus-vor-der-bundestagswahl-in-essen.html,"<a href=""https://web.archive.org/web/20250122154913/https://www.waz.de/lokales/essen/article408126876/demo-gegen-rechtspopulismus-vor-der-bundestagswahl-in-essen.html"">Link</a>"
München,Geschwister-Schol-Platz,08.02.2025,14 Uhr,48.14,11.57,https://web.archive.org/web/20250122155346/https://muenchen-ist-bunt.de/2025/01/demokratie-braucht-dich-kundgebung-am-08-02-2025-14-00-geschwister-scholl-platz/,"<a href=""https://web.archive.org/web/20250122155346/https://muenchen-ist-bunt.de/2025/01/demokratie-braucht-dich-kundgebung-am-08-02-2025-14-00-geschwister-scholl-platz/"">Link</a>"
Aurich,Sparkassen-Arena,31.01.2025,14:30 Uhr,53.47,7.48,"https://web.archive.org/web/20250122184832/https://www.nwzonline.de/landkreis-aurich/demonstration-in-aurich-breites-buendnis-wirbt-fuer-demokratie-und-menschenrechte_a_4,1,3788280034.html","<a href=""https://web.archive.org/web/20250122184832/https://www.nwzonline.de/landkreis-aurich/demonstration-in-aurich-breites-buendnis-wirbt-fuer-demokratie-und-menschenrechte_a_4,1,3788280034.html"">Link</a>"
Regensburg,Domplatz,02.02.2025,13 Uhr,49.02,12.1,https://www.mittelbayerische.de/lokales/stadt-regensburg/nicht-mehr-am-haidplatz-in-regensburg-neuer-standort-fuer-demo-gegen-rechts-steht-fest-17857723,"<a href=""https://www.mittelbayerische.de/lokales/stadt-regensburg/nicht-mehr-am-haidplatz-in-regensburg-neuer-standort-fuer-demo-gegen-rechts-steht-fest-17857723"">Link</a>"
Fürstenwalde,Rossmann/Eisenbahnstraße,14.02.2025,14 Uhr,52.37,14.07,https://web.archive.org/web/20250122194900/https://www.kirche-fuerstenwalde.de/dialog-und-demokratie,"<a href=""https://web.archive.org/web/20250122194900/https://www.kirche-fuerstenwalde.de/dialog-und-demokratie"">Link</a>"
Samerberg,Gasthof Maurer,22.02.2025,17:50 Uhr,47.75,12.21,https://www.instagram.com/samerberg.bleibt.bunt/,"<a href=""https://www.instagram.com/samerberg.bleibt.bunt/"">Link</a>"
Barnstorf, Bahnhofstraße/Friedrich-Plate-Straße,24.02.2025,15 Uhr,52.71,8.51,https://www.kreiszeitung.de/lokales/diepholz/barnstorf-ort49824/menschliche-lichterkette-an-der-51-ein-nachmittag-fuer-die-demokratie-geplant-93523509.html,"<a href=""https://www.kreiszeitung.de/lokales/diepholz/barnstorf-ort49824/menschliche-lichterkette-an-der-51-ein-nachmittag-fuer-die-demokratie-geplant-93523509.html"">Link</a>"
Apolda,Bahnhof,01.02.2025,ab 8 Uhr mehrere Aktionen gegen J.A.,51.03,11.53,https://web.archive.org/web/20250118082700/https://buntes-weimarer-land.de/nein-zur-ja/,"<a href=""https://web.archive.org/web/20250118082700/https://buntes-weimarer-land.de/nein-zur-ja/"">Link</a>"
Münster,Gleis 22,25.01.2025,11:30 Uhr,51.89,7.66,https://www.antennemuenster.de/artikel/kundgebungen-gegen-querdenker-2219980.html,"<a href=""https://www.antennemuenster.de/artikel/kundgebungen-gegen-querdenker-2219980.html"">Link</a>"
Münster,Stadthaus II am Ludgerikreisel,25.01.2025,12 Uhr,51.89,7.66,https://www.antennemuenster.de/artikel/kundgebungen-gegen-querdenker-2219980.html,"<a href=""https://www.antennemuenster.de/artikel/kundgebungen-gegen-querdenker-2219980.html"">Link</a>"
Bremen,Markt,08.02.2025,14 Uhr,53.08,8.8,https://www.butenunbinnen.de/nachrichten/laut-gegen-rechts-bremen-102.html,"<a href=""https://www.butenunbinnen.de/nachrichten/laut-gegen-rechts-bremen-102.html"">Link</a>"
Memmingen,Marktplatz,18.02.2025,18 Uhr,47.99,10.18,https://demokratie-memmingen.de/aktion-demonstration-am-18-februar/,"<a href=""https://demokratie-memmingen.de/aktion-demonstration-am-18-februar/"">Link</a>"
Frankfurt (Main),Römerberg,15.02.2025,11:55 Uhr,50.11,8.63,https://www.fnp.de/hessen/mehrere-demonstrationen-in-hessen-geplant-demos-gegen-rechts-zr-93518688.html,"<a href=""https://www.fnp.de/hessen/mehrere-demonstrationen-in-hessen-geplant-demos-gegen-rechts-zr-93518688.html"">Link</a>"
Frankfurt (Main),Hauptbahnhof,15.02.2025,19 Uhr,50.11,8.63,https://www.fnp.de/hessen/mehrere-demonstrationen-in-hessen-geplant-demos-gegen-rechts-zr-93518688.html,"<a href=""https://www.fnp.de/hessen/mehrere-demonstrationen-in-hessen-geplant-demos-gegen-rechts-zr-93518688.html"">Link</a>"
Ettlingen,Dickhäuterplatz,25.01.2025,18 Uhr,48.93,8.41,https://johannespfarrei-ettlingen.de/aktuelles/fuer-die-demokratie-ein-zeichen-setzten,"<a href=""https://johannespfarrei-ettlingen.de/aktuelles/fuer-die-demokratie-ein-zeichen-setzten"">Link</a>"
Trier,Hauptmarkt,15.02.2025,14 Uhr,49.76,6.64,https://www.buntes-trier.org/veranstaltungen/aktuelle-veranstltungen/232-kundgebung-fuer-eine-offene-und-solidarische-gesellschaft,"<a href=""https://www.buntes-trier.org/veranstaltungen/aktuelle-veranstltungen/232-kundgebung-fuer-eine-offene-und-solidarische-gesellschaft"">Link</a>"
Lüneburg,Clamartpark ,25.01.2025,12 Uhr,53.26,10.39,https://www.landeszeitung.de/lokales/lueneburg-lk/lueneburg/lueneburg-und-dahlenburg-gehen-auf-die-strasse-demos-gegen-rechtsextremismus-KU6YT3CWQJAPRFAY6PFICDKQQE.html,"<a href=""https://www.landeszeitung.de/lokales/lueneburg-lk/lueneburg/lueneburg-und-dahlenburg-gehen-auf-die-strasse-demos-gegen-rechtsextremismus-KU6YT3CWQJAPRFAY6PFICDKQQE.html"">Link</a>"
Lüneburg,Wandrahmpark,27.01.2025,16:30 Uhr,53.26,10.39,https://www.demokrateam.org/aktionen/kundgebung-gegen-rechts-gedenken-an-die-ns-verbrechen/,"<a href=""https://www.demokrateam.org/aktionen/kundgebung-gegen-rechts-gedenken-an-die-ns-verbrechen/"">Link</a>"
Flensburg,Suedermarkt,25.01.2025,16:30 Uhr,54.8,9.42,https://www.facebook.com/photo/?fbid=1879672612838112&set=gm.2104041210013431&idorvanity=1853285978422290,"<a href=""https://www.facebook.com/photo/?fbid=1879672612838112&set=gm.2104041210013431&idorvanity=1853285978422290"">Link</a>"
Kappeln,Parkplatz Rathaus,08.02.2025,11:55 Uhr,54.66,9.93,https://kappeln-ist-bunt.de/,"<a href=""https://kappeln-ist-bunt.de/"">Link</a>"
Schwelm,Parkplatz Schillerstraße,01.02.2025,11 Uhr,51.29,7.29,https://www.wp.de/lokales/ennepetal-gevelsberg-schwelm/article408085652/schwelm-steht-auf-grossdemo-gegen-rechts-geplant.html,"<a href=""https://www.wp.de/lokales/ennepetal-gevelsberg-schwelm/article408085652/schwelm-steht-auf-grossdemo-gegen-rechts-geplant.html"">Link</a>"
Hitzacker (Elbe),"Am Butt, jeden Samstag",25.01.2025,11 Uhr,53.16,10.99,https://www.facebook.com/groups/380672807703487/posts/605794688524630/,"<a href=""https://www.facebook.com/groups/380672807703487/posts/605794688524630/"">Link</a>"
Meldorf,Rathausplatz,01.02.2025,14 Uhr,54.09,9.07,https://www.mitteldithmarschen.de/tourismus-naherholung/touristinformation/veranstaltungskalender/veranstaltung/meldorf-ist-bunt-demo,"<a href=""https://www.mitteldithmarschen.de/tourismus-naherholung/touristinformation/veranstaltungskalender/veranstaltung/meldorf-ist-bunt-demo"">Link</a>"
Köln,Neumarkt - CSDwählliebe,15.02.2025,11:55 Uhr,50.93,6.95,https://www.waehl-liebe.de/demonstrationen/#weitere_orte,"<a href=""https://www.waehl-liebe.de/demonstrationen/#weitere_orte"">Link</a>"
Hamburg,Gärtnerplatz #wählliebe,15.02.2025,11:55 Uhr,53.55,10.01,https://www.waehl-liebe.de/demonstrationen/#weitere_orte,"<a href=""https://www.waehl-liebe.de/demonstrationen/#weitere_orte"">Link</a>"
Berlin,Bundestag #wählliebe,15.02.2025,11:55 Uhr,52.5,13.34,https://www.waehl-liebe.de/demonstrationen/#weitere_orte,"<a href=""https://www.waehl-liebe.de/demonstrationen/#weitere_orte"">Link</a>"
München,Spielbudenplatz #wählliebe,15.02.2025,11:55 Uhr,48.14,11.57,https://www.waehl-liebe.de/demonstrationen/#weitere_orte,"<a href=""https://www.waehl-liebe.de/demonstrationen/#weitere_orte"">Link</a>"
Frankfurt (Main),Römerberg #wählliebe,15.02.2025,11:55 Uhr,50.11,8.63,https://www.waehl-liebe.de/demonstrationen/#weitere_orte,"<a href=""https://www.waehl-liebe.de/demonstrationen/#weitere_orte"">Link</a>"
Stuttgart,Schloßplatz #wählliebe,15.02.2025,11:55 Uhr,48.78,9.17,https://www.waehl-liebe.de/demonstrationen/#weitere_orte,"<a href=""https://www.waehl-liebe.de/demonstrationen/#weitere_orte"">Link</a>"
Erlangen,Schloßplatz #wählliebe,15.02.2025,11:55 Uhr,49.6,11.02,https://www.waehl-liebe.de/demonstrationen/#weitere_orte,"<a href=""https://www.waehl-liebe.de/demonstrationen/#weitere_orte"">Link</a>"
Würzburg,Marktplatz #wählliebe,15.02.2025,11:55 Uhr,49.79,9.94,https://www.waehl-liebe.de/demonstrationen/#weitere_orte,"<a href=""https://www.waehl-liebe.de/demonstrationen/#weitere_orte"">Link</a>"
Augsburg,Rathausplatz #wählliebe,15.02.2025,11:55 Uhr,48.37,10.9,https://www.waehl-liebe.de/demonstrationen/#weitere_orte,"<a href=""https://www.waehl-liebe.de/demonstrationen/#weitere_orte"">Link</a>"
Kempten (Allgäu),August-Fischer-Platz #wählliebe,15.02.2025,11:55 Uhr,47.71,10.3,https://www.waehl-liebe.de/demonstrationen/#weitere_orte,"<a href=""https://www.waehl-liebe.de/demonstrationen/#weitere_orte"">Link</a>"
Schwerin,Marktplatz #wählliebe,15.02.2025,11:55 Uhr,53.63,11.41,https://www.waehl-liebe.de/demonstrationen/#weitere_orte,"<a href=""https://www.waehl-liebe.de/demonstrationen/#weitere_orte"">Link</a>"
Viersen,Sparkassen-Vorplatz #wählliebe,15.02.2025,11:55 Uhr,51.26,6.38,https://www.waehl-liebe.de/demonstrationen/#weitere_orte,"<a href=""https://www.waehl-liebe.de/demonstrationen/#weitere_orte"">Link</a>"
Wiesbaden,Bahnhofsplatz #wählliebe,15.02.2025,11:55 Uhr,50.08,8.24,https://www.waehl-liebe.de/demonstrationen/#weitere_orte,"<a href=""https://www.waehl-liebe.de/demonstrationen/#weitere_orte"">Link</a>"
Erfurt,Anger #wählliebe,15.02.2025,11:55 Uhr,50.98,11.03,https://www.waehl-liebe.de/demonstrationen/#weitere_orte,"<a href=""https://www.waehl-liebe.de/demonstrationen/#weitere_orte"">Link</a>"
Karlsruhe,Marktplatz #wählliebe,15.02.2025,11:55 Uhr,49.01,8.39,https://www.waehl-liebe.de/demonstrationen/#weitere_orte,"<a href=""https://www.waehl-liebe.de/demonstrationen/#weitere_orte"">Link</a>"
Heilbronn,Hbf #wählliebe,15.02.2025,11:55 Uhr,49.14,9.21,https://www.waehl-liebe.de/demonstrationen/#weitere_orte,"<a href=""https://www.waehl-liebe.de/demonstrationen/#weitere_orte"">Link</a>"
Magdeburg,Willy-Brandt-Platz #wählliebe,15.02.2025,11:55 Uhr,52.11,11.63,https://www.waehl-liebe.de/demonstrationen/#weitere_orte,"<a href=""https://www.waehl-liebe.de/demonstrationen/#weitere_orte"">Link</a>"
Braunschweig,Schloßplatz #wählliebe,15.02.2025,11:55 Uhr,52.26,10.52,https://www.waehl-liebe.de/demonstrationen/#weitere_orte,"<a href=""https://www.waehl-liebe.de/demonstrationen/#weitere_orte"">Link</a>"
Darmstadt,Friedensplatz #wählliebe,15.02.2025,11:55 Uhr,49.87,8.65,https://www.waehl-liebe.de/demonstrationen/#weitere_orte,"<a href=""https://www.waehl-liebe.de/demonstrationen/#weitere_orte"">Link</a>"
Neubrandenburg,Marktplatz #wählliebe,15.02.2025,11:55 Uhr,53.53,13.26,https://www.waehl-liebe.de/demonstrationen/#weitere_orte,"<a href=""https://www.waehl-liebe.de/demonstrationen/#weitere_orte"">Link</a>"
Nürnberg,Kornmarkt #wählliebe,15.02.2025,11:55 Uhr,49.45,11.09,https://www.waehl-liebe.de/demonstrationen/#weitere_orte,"<a href=""https://www.waehl-liebe.de/demonstrationen/#weitere_orte"">Link</a>"
Wilhelmshaven,Valoisplatz #wählliebe,15.02.2025,11:55 Uhr,53.54,8.12,https://www.waehl-liebe.de/demonstrationen/#weitere_orte,"<a href=""https://www.waehl-liebe.de/demonstrationen/#weitere_orte"">Link</a>"
Düsseldorf,Ort noch unklar #wählliebe,15.02.2025,11:55 Uhr,51.24,6.8,https://www.waehl-liebe.de/demonstrationen/#weitere_orte,"<a href=""https://www.waehl-liebe.de/demonstrationen/#weitere_orte"">Link</a>"
Potsdam,Alter Markt #wählliebe,15.02.2025,11:55 Uhr,52.4,13.06,https://www.waehl-liebe.de/demonstrationen/#weitere_orte,"<a href=""https://www.waehl-liebe.de/demonstrationen/#weitere_orte"">Link</a>"
Mainz,Schillerplatz #wählliebe,15.02.2025,11:55 Uhr,49.99,8.28,https://www.waehl-liebe.de/demonstrationen/#weitere_orte,"<a href=""https://www.waehl-liebe.de/demonstrationen/#weitere_orte"">Link</a>"
Kiel,Rathausplatz #wählliebe,15.02.2025,11:55 Uhr,54.32,10.13,https://www.waehl-liebe.de/demonstrationen/#weitere_orte,"<a href=""https://www.waehl-liebe.de/demonstrationen/#weitere_orte"">Link</a>"
Recklinghausen,Busbahnhof #wählliebe,15.02.2025,11:55 Uhr,51.62,7.19,https://www.waehl-liebe.de/demonstrationen/#weitere_orte,"<a href=""https://www.waehl-liebe.de/demonstrationen/#weitere_orte"">Link</a>"
Gelnhausen,Obermarkt #wählliebe,15.02.2025,11:55 Uhr,50.21,9.2,https://www.waehl-liebe.de/demonstrationen/#weitere_orte,"<a href=""https://www.waehl-liebe.de/demonstrationen/#weitere_orte"">Link</a>"
Münster,Schlossplatz  #wählliebe,15.02.2025,11:55 Uhr,51.89,7.66,https://www.waehl-liebe.de/demonstrationen/#weitere_orte,"<a href=""https://www.waehl-liebe.de/demonstrationen/#weitere_orte"">Link</a>"
Rösrath,Bahnhof,22.02.2025,11:55 Uhr,,,https://roesrath-fuer-demokratie.de/2025/01/20/wir-haben-die-wahl-es-ist-5-vor-12-fuer-die-demokratie-grosse-demonstration-in-roesrath-am-22-2-2025/,"<a href=""https://roesrath-fuer-demokratie.de/2025/01/20/wir-haben-die-wahl-es-ist-5-vor-12-fuer-die-demokratie-grosse-demonstration-in-roesrath-am-22-2-2025/"">Link</a>"
